url,name,address,city,state,phone
http://constantwatsoncpa.com/,Results,"2630 Flossmoor Rd #102, Flossmoor, IL 60422",Flossmoor,IL,(708) 206-9900
https://gornicktax.com/,Results,"19630 Governors Hwy #3, Flossmoor, IL 60422",Flossmoor,IL,(708) 957-0066
http://jonestaxgroup.com/,Results,"19710 Governors Hwy Suite 8, Flossmoor, IL 60422",Flossmoor,IL,(708) 733-7003
https://heardassociatesllc.com/il/olympia-fields/,Results,"20200 Governors Dr, Olympia Fields, IL 60461",Olympia Fields,IL,(773) 970-9112
http://katzmilanec.com/,Results,"18141 Dixie Hwy Ste 105, Homewood, IL 60430",Homewood,IL,(708) 914-8220
https://www.fedeleandassociates.com/,Results,"18110 Dixie Hwy #1s, Homewood, IL 60430",Homewood,IL,(708) 991-2440
http://www.homewoodcpa.com/,Results,"18141 Dixie Hwy # 100, Homewood, IL 60430",Homewood,IL,(708) 748-7094
https://www.lehman-accounting.com/,Results,"18825 Dixie Hwy, Homewood, IL 60430",Homewood,IL,(708) 957-4800
https://www.walcpa.com/,Results,"18825 Dixie Hwy, Homewood, IL 60430",Homewood,IL,(708) 794-6687
https://herijtaxes.com/,Results,"19150 Kedzie Ave Ste 209, Flossmoor, IL 60422",Flossmoor,IL,(833) 944-6292
https://trueaccounting.com/,Results,"849 Maple Ave Suite 903, Homewood, IL 60430",Homewood,IL,(708) 335-1850
https://www.sdhodgesaccounting.com/,Results,"17926 S Halsted St #1e, Homewood, IL 60430",Homewood,IL,(708) 279-4151
http://www.professionaltaxsolution.com/,Results,"19511 Governors Hwy Suite 102A, Flossmoor, IL 60422",Flossmoor,IL,(708) 991-1165
http://fallsaccounting.com/,Results,"19900 Governors Dr Suite 300J, Olympia Fields, IL 60461",Olympia Fields,IL,(708) 862-1294
https://www.kirbyashleyandassociates.com/?utm_source=google&utm_medium=google_business_profile&utm_campaign=website_click,Results,"238 Main St, Park Forest, IL 60466",Park Forest,IL,(708) 766-7548
http://integrity1stcpa.com/,Results,"20200 Governors Drive Suite 201B, Olympia Fields, IL 60461",Olympia Fields,IL,(708) 580-0077
http://ms.tax/,Results,"403 W Lincoln Hwy Ste 9, Chicago Heights, IL 60411",Chicago Heights,IL,(708) 755-8300
http://aaronsearscpa.com/,Results,"4440 Lincoln Hwy #2307, Matteson, IL 60443",Matteson,IL,(708) 534-6871
http://www.tinleycpa.com/,Results,"6720 167th St, Tinley Park, IL 60477",Tinley Park,IL,(708) 614-9994
http://archertax.biz/,Results,"8200 185th St g4, Tinley Park, IL 60487",Tinley Park,IL,(708) 633-9854
https://htsgroupmatteson.com/,Results,,Flossmoor,IL,(708) 960-4400
https://www.starfinancial.com/,Results,"19630 Governors Hwy, Flossmoor, IL 60422",Flossmoor,IL,(708) 991-2994
http://www.alanthallcpa.com/,Results,"21145 Ridgeland Manor Ave, Matteson, IL 60443",Matteson,IL,(773) 233-6450
http://www.whitewilsonaccounting.com/,Results,"16238 Louis Ave, South Holland, IL 60473",South Holland,IL,(773) 734-6646
https://thepremierbk.com/contact-us,Results,"1020 Park Dr, Flossmoor, IL 60422",Flossmoor,IL,(312) 999-0014
https://zagmoutcpas.com/,Results,"200 E Randolph St Ste 5100, Chicago, IL 60601",Chicago,IL,(312) 239-3716
https://www.stengertax.com/chicago-accountant,Results,"150 N Riverside Plaza #1950, Chicago, IL 60606",Chicago,IL,(630) 912-8504
http://www.greeneforensicas.com/,Results,"120 N LaSalle St #2000, Chicago, IL 60602",Chicago,IL,(312) 692-1000
https://www.pasquesipartners.com/,Results,"350 N Orleans St Ste 9000N, Chicago, IL 60654",Chicago,IL,(847) 234-9000
https://www.grantthornton.com/offices/illinois/chicago,Results,"171 N Clark St #200, Chicago, IL 60601",Chicago,IL,(312) 856-0200
http://www.jrwaters.com/,Results,"225 W Washington St STE 1120, Chicago, IL 60606",Chicago,IL,(312) 554-3400
http://www.baldersonco.com/,Results,"203 N LaSalle St Suite 2100, Chicago, IL 60601",Chicago,IL,(312) 854-7014
http://www.featchicago.com/,Results,"203 N LaSalle St #2100, Chicago, IL 60601",Chicago,IL,(773) 930-3788
http://www.novakcostello.com/,Results,"225 W Illinois St Ste 450, Chicago, IL 60654",Chicago,IL,(312) 222-1400
https://brianthompsonlaw.com/,Results,"203 N LaSalle St Suite 2100, Chicago, IL 60601",Chicago,IL,(773) 307-0181
http://www.southloopcpa.com/,Results,"73 W Monroe St Ste 230, Chicago, IL 60603",Chicago,IL,(312) 846-1110
https://cca-advisors.com/,Results,"161 N Clark St STE 1600, Chicago, IL 60601",Chicago,IL,(866) 717-1607
http://www.smartsolutionscpa.com/,Results,"1 E Erie St STE 525-2419, Chicago, IL 60611",Chicago,IL,(312) 313-0350
https://letaxfirm.com/,Results,,Flossmoor,IL,
http://www.adlassoc.com/,Results,"205 W Randolph St Ste 1150, Chicago, IL 60606",Chicago,IL,(312) 332-1302
http://topelforman.com/,Results,"225 W Washington St Ste 2200, Chicago, IL 60606",Chicago,IL,(312) 642-0006
http://www.alexacpagroup.com/,Results,"550 W Washington St #201, Chicago, IL 60606",Chicago,IL,(312) 792-7920
https://masseyandcompanycpa.com/accountants-chicago/,Results,,Flossmoor,IL,(773) 828-0551
http://www.ey.com/,Results,"155 N Wacker Dr #2000, Chicago, IL 60606",Chicago,IL,(312) 879-2000
http://www.icpas.org/,Results,"550 W Jackson Blvd STE 900, Chicago, IL 60661",Chicago,IL,(312) 993-0407
https://keptbookkeepingservices.com/,Results,"111 N Wabash Ave #100, Chicago, IL 60602",Chicago,IL,(312) 626-0444
https://www.mataccountants.com/,Results,"181 W Madison St Suite 4700, Chicago, IL 60602",Chicago,IL,(312) 281-2091
http://bovardcpa.com/,Results,"155 N Wacker Dr #4250, Chicago, IL 60606",Chicago,IL,(312) 450-5770
http://www.luehmann-chicago.com/,Results,"203 N LaSalle St #2550, Chicago, IL 60601",Chicago,IL,(312) 669-1120
https://www.southloopcpa.com/,Results,"200 E Randolph St Ste 5100, Chicago, IL 60601",Chicago,IL,(312) 846-1110
https://nonprofitaccountant.com/locations/chicago/,Results,"111 N Canal St ste 900 Floor 5 Room 7, Chicago, IL 60606",Chicago,IL,(872) 253-6677
http://www.joedavidcpa.com/,Results,"33 N Dearborn St # 502, Chicago, IL 60602",Chicago,IL,(312) 376-1234
http://www.plantemoran.com/,Results,"10 S Riverside Plaza #900, Chicago, IL 60606",Chicago,IL,(312) 207-1040
https://www.lewis.cpa/locations/naperville-il?utm_source=google&utm_medium=organic&utm_campaign=gbp_naperville_il_60564,Results,"1064 104th St, Naperville, IL 60564",Naperville,IL,(630) 548-9600
http://www.paragoncpa.com/,Results,"111 N Wabash Ave #1069, Chicago, IL 60602",Chicago,IL,(773) 236-0780
https://www.rmjr-tax-accounting.com/river-north-chicago-il,Results,"505 N La Salle Dr, Chicago, IL 60654",Chicago,IL,(312) 344-3339
http://www.joanwatorcpa.com/,Results,"21142 Washington Pkwy, Frankfort, IL 60423",Frankfort,IL,(815) 469-6225
https://cpa-in-chicago.com/,Results,"5519 N Cumberland Ave Ste 1003, Chicago, IL 60656",Chicago,IL,(773) 930-4503
http://www.cdhcpa.com/,Results,"200 N LaSalle St UNIT 2815, Chicago, IL 60601",Chicago,IL,(312) 332-2900
https://bmaccountingandtaxinc.com/,Results,"444 N Michigan Ave #1200, Chicago, IL 60611",Chicago,IL,(773) 571-6922
https://splinternetmarketing.com/local-pros/illinois/homewood/mitchell-accounting/,Results,"2005 Ridge Rd, Homewood, IL 60430",Homewood,IL,(708) 957-1183
https://www.blockadvisors.com/tax-office-near-me/illinois/olympia-fields/12672/?otppartnerid=9308&campaignid=pw_mcm_9308_9762&utm_medium=local,Results,"3406 Vollmer Rd, Olympia Fields, IL 60461",Olympia Fields,IL,(708) 503-1040
http://www.pilarfpm.com/,Results,"20650 S Cicero Ave #642, Matteson, IL 60443",Matteson,IL,(312) 281-7121
https://www.eztaxsolutionsllc.com/,Results,"19710 Governors Hwy Ste 5 PMB 3076, Flossmoor, IL 60422",Flossmoor,IL,(708) 312-3982
https://taxresolutiongroup.net/,Results,"20200 Governors Dr Fl 1, Olympia Fields, IL 60461",Olympia Fields,IL,(708) 734-5971
https://www.ratliffaccountingtax.com/,Results,"19530 Ridgemont Dr, Tinley Park, IL 60487",Tinley Park,IL,(708) 580-6548
http://www.lifestylefinancialsvc.com/lfs/,Results,"445 S Halsted St, Chicago Heights, IL 60411",Chicago Heights,IL,(708) 754-2228
http://www.themax.pro/,Results,"17577 Kedzie Ave #208, Hazel Crest, IL 60429",Hazel Crest,IL,(708) 991-2015
http://baratax.com/,Results,"2555 Lincoln Hwy, Olympia Fields, IL 60461",Olympia Fields,IL,(708) 756-3300
https://tonymsavagecpa.com/,Results,"660 S Manistee Ave, Calumet City, IL 60409",Calumet City,IL,(708) 730-2450
https://www.facebook.com/asrtaxes/?view_public_for=1039926499466431&ref=page_internal,Results,"445 Ashland Ave, Chicago Heights, IL 60411",Chicago Heights,IL,(708) 983-3361
https://harrisfinancial1.com/,Results,"1555 State St, Chicago Heights, IL 60411",Chicago Heights,IL,(708) 757-1700
http://bobosincometaxservices.com/,Results,"849 Maple Ave Suite 914, Homewood, IL 60430",Homewood,IL,(708) 268-7560
http://www.alexandermannie.com/,Results,"4749 Lincoln Hwy #415, Matteson, IL 60443",Matteson,IL,(708) 856-0324
http://www.keandf.com/,Results,"10061 W Lincoln Hwy, Frankfort, IL 60423",Frankfort,IL,(815) 469-1361
http://www.babsassociates.com/,Results,"42 W Lincoln Hwy, Chicago Heights, IL 60411",Chicago Heights,IL,(708) 756-1099
http://www.browntaxservices.com/,Results,"15337 S Cicero Ave Ste E, Oak Forest, IL 60452",Oak Forest,IL,
http://www.cpataxhelp.com/contact.php,Results,"14930 S Cicero Ave #1b, Oak Forest, IL 60452",Oak Forest,IL,(708) 687-9217
https://mybgfsinc.com/,Results,"500 W 138th St, Riverdale, IL 60827",Riverdale,IL,(708) 880-0135
http://www.hinsdaletax.com/,Results,"19350 S Harlem Ave Suite 100, Frankfort, IL 60423",Frankfort,IL,(708) 534-1001
https://www.gjmadvisory.com/,Results,"10014 190th Pl, Mokena, IL 60448",Mokena,IL,(708) 478-5005
http://www.fortineauxcpa.com/,Results,"11622 S Western Ave, Chicago, IL 60643",Chicago,IL,(773) 445-9100
http://sandhfinancial.com/,Results,"20200 Governors Dr #103, Olympia Fields, IL 60461",Olympia Fields,IL,(708) 299-0599
http://www.oneill-gaspardo.com/,Results,"19070 S, 19070 Everett Blvd #208, Mokena, IL 60448",Mokena,IL,(708) 478-2900
http://midwestconsultantsgroupinc.com/,Results,"18154 Harwood Ave, Homewood, IL 60430",Homewood,IL,(708) 852-5340
http://laroccacpa.com/,Results,"2024 Hickory Rd # 305, Homewood, IL 60430",Homewood,IL,(708) 799-4141
https://www.hymanfinancial.com/,Results,,Flossmoor,IL,(708) 858-3673
https://www.cpagwa.com/,Results,"311 S Halsted St, Chicago Heights, IL 60411",Chicago Heights,IL,(708) 755-8182
https://www.averypaynegroup.com/,Results,"2908 Alexander Crescent, Flossmoor, IL 60422",Flossmoor,IL,(708) 466-7754
https://www.hrblock.com/tax-office-near-me/illinois/homewood/12676/?otppartnerid=9308&campaignid=pw_mcm_9308_9762&utm_medium=local,Results,"Washington Park Plaza, 17812 Halsted St, Homewood, IL 60430",Homewood,IL,(708) 799-1400
https://calendly.com/tikalexpress/in-person-tax-appointment-cita-en-persona,Results,"1422 Edgewood Ave, Chicago Heights, IL 60411",Chicago Heights,IL,(708) 755-4126
https://www.huntcpas.com/,Results,,Flossmoor,IL,(708) 238-4857
http://ptfgroup.net/,Results,"4801 Southwick Dr Ste 605, Matteson, IL 60443",Matteson,IL,(708) 679-9211
https://www.hrblock.com/tax-office-near-me/illinois/hazel-crest/14126/?otppartnerid=9308&campaignid=pw_mcm_9308_9762&utm_medium=local,Results,"18238 Kedzie Ave, Hazel Crest, IL 60429",Hazel Crest,IL,(708) 957-3886
https://morleyaccounting.com/,Results,,Flossmoor,IL,(815) 768-7178
http://dscpagroup.com/,Results,"20646, Suite 201 Abbey Woods Ct, Frankfort, IL 60423",Frankfort,IL,(708) 489-1680
http://jehnet.com/,Results,"18927 Hickory Creek Dr, Mokena, IL 60448",Mokena,IL,(708) 598-2800
https://www.hrblock.com/tax-office-near-me/illinois/chicago-heights/12668/?otppartnerid=9308&campaignid=pw_mcm_9308_9762&utm_medium=local,Results,"95b W Joe Orr Rd, Chicago Heights, IL 60411",Chicago Heights,IL,(708) 755-4052
http://motconsultinggroupllc.com/,Results,"20200 Governors Dr, Olympia Fields, IL 60461",Olympia Fields,IL,(708) 374-5569
https://www.hrblock.com/tax-office-near-me/illinois/matteson/12670/?otppartnerid=9308&campaignid=pw_mcm_9308_9762&utm_medium=local,Results,"4163 211th St, Matteson, IL 60443",Matteson,IL,(708) 748-0868
https://www.precisioncpagroupllc.com/,Results,,Flossmoor,IL,
http://www.anointedaccounting.com/,Results,,Flossmoor,IL,(312) 837-7219
https://www.redadmirable.com/,Results,,Flossmoor,IL,(708) 320-1436
https://turbotax.intuit.com/local-tax-offices/il/olympia-fields/fca665e906c6497588d102a54aa3c511/,Results,"20200 Governors Dr Office 217 / 219, Olympia Fields, IL 60461",Olympia Fields,IL,(985) 286-2127
http://www.howardtaxprep.com/,Results,"1800 Ridge Rd Unit 204 Suite 2, Homewood, IL 60430",Homewood,IL,(773) 232-1222
http://www.wearetaxes.com/,Results,"18664 Dixie Hwy, Homewood, IL 60430",Homewood,IL,(708) 816-8199
https://woznytaxco.com/,Results,"9400 Bormet Dr Ste 7, Mokena, IL 60448",Mokena,IL,(708) 479-1700
https://thetaxrecovery.com/,Results,"621 Chicago Rd, Chicago Heights, IL 60411",Chicago Heights,IL,(708) 860-2212
https://www.miningyourtaxes.com/,Results,,Flossmoor,IL,(312) 520-9412
https://www.lorrainegreenberg.com/?utm_source=local&utm_medium=organic&utm_campaign=gmb,Results,"18027 Harwood Ave, Homewood, IL 60430",Homewood,IL,(312) 588-3330
